_id,start_timestamp,end_timestamp,midTime,Physical_Activity_and_Posture(0:sit|1:stand|2:walk),Stress(0:Not_stressed|1:Stressed|-1:Unknown/Timed),ECG_Data_Quality(0:Off|-2:Loose|-1:Noisy|1:Good),RIP_Data_Quality(0:Off|-2:Loose|-1:Noisy|1:Good),Conversation_Level(0:Quiet|1:Smoking|2:Speaking)
1,1270612935584,1270612984390,04/07/2010 00:01:51,1, , , , 
2,1270614257170,1270614306831,04/07/2010 00:23:52,1, , , , 
3,1270614311498,1270614361094,04/07/2010 00:24:46,0, , , , 
4,1270614365681,1270614421828,04/07/2010 00:25:37,1, , , , 
5,1270614426860,1270614482845,04/07/2010 00:26:38,1, , , , 
6,1270614487691,1270614548304,04/07/2010 00:27:37,1, , , , 
7,1270614552934,1270614614021,04/07/2010 00:28:42,1, , , , 
8,1270614618754,1270614674922,04/07/2010 00:29:50,1, , , , 
9,1270615429826,1270615509108,04/07/2010 00:43:10,2, , , , 
10,1270625651944,1270625712645,04/07/2010 03:33:41,1, , , , 
11,1270625717850,1270625768912,04/07/2010 03:34:52,0, , , , 
12,1270625778259,1270625839216,04/07/2010 03:35:47,0, , , , 
13,1270625871847,1270625993531,04/07/2010 03:36:51,0, , , , 
14,1270626002876,1270626073188,04/07/2010 03:39:27,1, , , , 
15,1270626396977,1270626490155,04/07/2010 03:45:50,1, , , , 
16,1270626495458,1270626593774,04/07/2010 03:47:26,1, , , , 
17,1270626598984,1270626677938,04/07/2010 03:49:19,1, , , , 
18,1270626687888,1270626800080,04/07/2010 03:50:31,1, , , , 
19,1270626828104,1270626936084,04/07/2010 03:52:54,1, , , , 
20,1270626952312,1270627086294,04/07/2010 03:54:45,1, , , , 
21,1270627090932,1270627179560,04/07/2010 03:57:26,1, , , , 
22,1270627184242,1270627268979,04/07/2010 03:59:01,1, , , , 
23,1270627287547,1270627390556,04/07/2010 04:00:36,1, , , , 
24,1270657366590,1270657413324,04/07/2010 12:22:23,1, , , , 
25,1270657417984,1270657474277,04/07/2010 12:23:09,1, , , , 
26,1270657478927,1270657535311,04/07/2010 12:24:10,1, , , , 
27,1270657540082,1270657596289,04/07/2010 12:25:11,1, , , , 
28,1270657601006,1270657661695,04/07/2010 12:26:10,1, , , , 
29,1270657666608,1270657718125,04/07/2010 12:27:20,1, , , , 
30,1270659585217,1270659631653,04/07/2010 12:59:21,1, , , , 
31,1270659836187,1270659892459,04/07/2010 13:03:28,1, , , , 
32,1270659897080,1270659968017,04/07/2010 13:04:21,1, , , , 
33,1270659972598,1270660024422,04/07/2010 13:05:46,1, , , , 
34,1270660029084,1270660080961,04/07/2010 13:06:43,1, , , , 
35,1270660530516,1270660588091,04/07/2010 13:15:01,1, , , , 
36,1270660530516,1270660588091,04/07/2010 13:15:01,1, , , , 
37,1270660530516,1270660588091,04/07/2010 13:15:01,1, , , , 
38,1270660530516,1270660588091,04/07/2010 13:15:01,1, , , , 
39,1270660591743,1270660647597,04/07/2010 13:16:03,1, , , , 
40,1270660591743,1270660647597,04/07/2010 13:16:03,1, , , , 
41,1270660591743,1270660647597,04/07/2010 13:16:03,1, , , , 
42,1270660591743,1270660647597,04/07/2010 13:16:03,1, , , , 
43,1270660652326,1270660704156,04/07/2010 13:17:06,1, , , , 
44,1270660652326,1270660704156,04/07/2010 13:17:06,1, , , , 
45,1270660652326,1270660704156,04/07/2010 13:17:06,1, , , , 
46,1270660652326,1270660704156,04/07/2010 13:17:06,1, , , , 
47,1270660859187,1270660911149,04/07/2010 13:20:33,1, , , , 
48,1270660915473,1270660967786,04/07/2010 13:21:29,1, , , , 
49,1270660972432,1270661024031,04/07/2010 13:22:26,1, , , , 
50,1270661028782,1270661080473,04/07/2010 13:23:22,1, , , , 
51,1270661085995,1270661142173,04/07/2010 13:24:17,1, , , , 
52,1270661146564,1270661202765,04/07/2010 13:25:18,1, , , , 
53,1270661207592,1270661259262,04/07/2010 13:26:21,1, , , , 
54,1270661263974,1270661315484,04/07/2010 13:27:18,1, , , , 
55,1270661320251,1270661390291,04/07/2010 13:28:05,1, , , , 
56,1270661395056,1270661446620,04/07/2010 13:29:29,1, , , , 
57,1270661488726,1270661540658,04/07/2010 13:31:02,1, , , , 
58,1270661545137,1270661606210,04/07/2010 13:31:54,1, , , , 
59,1270661610772,1270661667302,04/07/2010 13:33:02,1, , , , 
60,1270661672451,1270661727841,04/07/2010 13:34:04,1, , , , 
61,1270661732622,1270661793545,04/07/2010 13:35:02,1, , , , 
62,1270661798411,1270661859154,04/07/2010 13:36:08,1, , , , 
63,1270661864009,1270661929462,04/07/2010 13:37:11,1, , , , 
64,1270661934405,1270661995038,04/07/2010 13:38:24,1, , , , 
65,1270661999901,1270662056082,04/07/2010 13:39:31,1, , , , 
66,1270662060729,1270662113351,04/07/2010 13:40:34,1, , , , 
67,1270662154028,1270662203202,04/07/2010 13:42:09,1, , , , 
68,1270662206537,1270662259283,04/07/2010 13:43:00,1, , , , 
69,1270662263028,1270662314501,04/07/2010 13:43:57,1, , , , 
70,1270662319781,1270662376324,04/07/2010 13:44:51,1, , , , 
71,1270662380528,1270662436551,04/07/2010 13:45:52,1, , , , 
72,1270664457256,1270664514329,04/07/2010 14:20:28,0, , , , 
73,1270664457256,1270664514329,04/07/2010 14:20:28,0, , , , 
74,1270664457256,1270664514329,04/07/2010 14:20:28,0, , , , 
75,1270664457256,1270664514329,04/07/2010 14:20:28,0, , , , 
76,1270664519780,1270664574617,04/07/2010 14:21:32,1, , , , 
77,1270664519780,1270664574617,04/07/2010 14:21:32,1, , , , 
78,1270664519780,1270664574617,04/07/2010 14:21:32,1, , , , 
79,1270664519780,1270664574617,04/07/2010 14:21:32,1, , , , 
80,1270664580307,1270664631052,04/07/2010 14:22:34,1, , , , 
81,1270664580307,1270664631052,04/07/2010 14:22:34,1, , , , 
82,1270664580307,1270664631052,04/07/2010 14:22:34,1, , , , 
83,1270664580307,1270664631052,04/07/2010 14:22:34,1, , , , 
84,1270664636529,1270664688384,04/07/2010 14:23:30,1, , , , 
85,1270664636529,1270664688384,04/07/2010 14:23:30,0, , , , 
86,1270664636529,1270664688384,04/07/2010 14:23:30,0, , , , 
87,1270664636529,1270664688384,04/07/2010 14:23:30,0, , , , 
88,1270664692361,1270664743835,04/07/2010 14:24:26,0, , , , 
89,1270664692361,1270664743835,04/07/2010 14:24:26,0, , , , 
90,1270664692361,1270664743835,04/07/2010 14:24:26,0, , , , 
91,1270664692361,1270664743835,04/07/2010 14:24:26,0, , , , 
92,1270664749414,1270664804691,04/07/2010 14:25:21,0, , , , 
93,1270664749414,1270664804691,04/07/2010 14:25:21,0, , , , 
94,1270664749414,1270664804691,04/07/2010 14:25:21,1, , , , 
95,1270664749414,1270664804691,04/07/2010 14:25:21,1, , , , 
96,1270664809462,1270665493465,04/07/2010 14:21:07,1, , , , 
97,1270664809462,1270665493465,04/07/2010 14:21:07,1, , , , 
98,1270664809462,1270665493465,04/07/2010 14:21:07,1, , , , 
99,1270664809462,1270665493465,04/07/2010 14:21:07,1, , , , 
100,1270665495045,1270665505681,04/07/2010 14:38:09,1, , , , 
101,1270665495045,1270665505681,04/07/2010 14:38:09,1, , , , 
102,1270665495045,1270665505681,04/07/2010 14:38:09,1, , , , 
103,1270665495045,1270665505681,04/07/2010 14:38:09,1, , , , 
104,1270665508758,1270665525474,04/07/2010 14:38:20,1, , , , 
105,1270665508758,1270665525474,04/07/2010 14:38:20,1, , , , 
106,1270665508758,1270665525474,04/07/2010 14:38:20,1, , , , 
107,1270665508758,1270665525474,04/07/2010 14:38:20,1, , , , 
108,1270665527621,1270665539384,04/07/2010 14:38:41,1, , , , 
109,1270665527621,1270665539384,04/07/2010 14:38:41,1, , , , 
110,1270665527621,1270665539384,04/07/2010 14:38:41,1, , , , 
111,1270665527621,1270665539384,04/07/2010 14:38:41,1, , , , 
112,1270665540879,1270665553509,04/07/2010 14:38:54,1, , , , 
113,1270665540879,1270665553509,04/07/2010 14:38:54,1, , , , 
114,1270665540879,1270665553509,04/07/2010 14:38:54,1, , , , 
115,1270665540879,1270665553509,04/07/2010 14:38:54,1, , , , 
116,1270665554441,1270665566860,04/07/2010 14:39:08,1, , , , 
117,1270665554441,1270665566860,04/07/2010 14:39:08,1, , , , 
118,1270665554441,1270665566860,04/07/2010 14:39:08,1, , , , 
119,1270665554441,1270665566860,04/07/2010 14:39:08,1, , , , 
120,1270665568209,1270665580494,04/07/2010 14:39:22,1, , , , 
121,1270665568209,1270665580494,04/07/2010 14:39:22,1, , , , 
122,1270665568209,1270665580494,04/07/2010 14:39:22,1, , , , 
123,1270665568209,1270665580494,04/07/2010 14:39:22,1, , , , 
124,1270665582793,1270665594710,04/07/2010 14:39:36,1, , , , 
125,1270665582793,1270665594710,04/07/2010 14:39:36,1, , , , 
126,1270665582793,1270665594710,04/07/2010 14:39:36,1, , , , 
127,1270665582793,1270665594710,04/07/2010 14:39:36,1, , , , 
128,1270665596679,1270665611934,04/07/2010 14:39:49,1, , , , 
129,1270665596679,1270665611934,04/07/2010 14:39:49,1, , , , 
130,1270665918884,1270665976742,04/07/2010 14:44:49,1, , , , 
131,1270665981338,1270666032987,04/07/2010 14:45:55,1, , , , 
132,1270666038281,1270666093766,04/07/2010 14:46:50,1, , , , 
133,1270666098647,1270666150066,04/07/2010 14:47:52,1, , , , 
134,1270666154772,1270666206323,04/07/2010 14:48:48,1, , , , 
135,1270666210995,1270666267171,04/07/2010 14:49:42,1, , , , 
136,1270666272098,1270666323559,04/07/2010 14:50:46,1, , , , 
137,1270666328312,1270666389351,04/07/2010 14:51:37,1, , , , 
138,1270666393945,1270666445534,04/07/2010 14:52:48,1, , , , 
139,1270666450313,1270666506354,04/07/2010 14:53:42,1, , , , 
140,1270666511148,1270666572033,04/07/2010 14:54:40,1, , , , 
141,1270666576745,1270666632999,04/07/2010 14:55:48,1, , , , 
142,1270666637734,1270666698935,04/07/2010 14:56:47,1, , , , 
143,1270666703331,1270666759831,04/07/2010 14:57:55,1, , , , 
144,1270666764290,1270666811196,04/07/2010 14:59:00,0, , , , 
145,1270666816004,1270666868053,04/07/2010 14:59:49,0, , , , 
146,1270666870935,1270666905793,04/07/2010 15:00:53,0, , , , 
147,1270666910640,1270666948626,04/07/2010 15:01:31,0, , , , 
148,1270666953853,1270666989283,04/07/2010 15:02:16,0, , , , 
149,1270666992123,1270667029529,04/07/2010 15:02:53,0, , , , 
150,1270667031670,1270667069823,04/07/2010 15:03:32,0, , , , 
151,1270667072317,1270667109868,04/07/2010 15:04:13,0, , , , 
152,1270667114574,1270667146872,04/07/2010 15:04:58,0, , , , 
153,1270667149732,1270667192585,04/07/2010 15:05:28,0, , , , 
154,1270667193938,1270667226629,04/07/2010 15:06:17,0, , , , 
155,1270667231246,1270667258963,04/07/2010 15:06:57,0, , , , 
156,1270667260487,1270667297492,04/07/2010 15:07:21,0, , , , 
157,1270667302198,1270667345216,04/07/2010 15:08:00,0, , , , 
158,1270667349308,1270667392084,04/07/2010 15:08:47,0, , , , 
159,1270667396679,1270667448958,04/07/2010 15:09:30,1, , , , 
160,1270667452881,1270667490899,04/07/2010 15:10:33,0, , , , 
161,1270667491858,1270667529922,04/07/2010 15:11:12,0, , , , 
162,1270667530498,1270667597617,04/07/2010 15:11:36,0, , , , 
163,1270667601768,1270667644087,04/07/2010 15:13:00,0, , , , 
164,1270667652595,1270667690057,04/07/2010 15:13:53,0, , , , 
165,1270667690728,1270667737370,04/07/2010 15:14:27,0, , , , 
166,1270667742094,1270667789640,04/07/2010 15:15:18,0, , , , 
167,1270667790768,1270667833955,04/07/2010 15:16:09,0, , , , 
168,1270667836953,1270667874682,04/07/2010 15:16:58,0, , , , 
169,1270667875977,1270667907704,04/07/2010 15:17:40,0, , , , 
170,1270667912988,1270667950961,04/07/2010 15:18:14,0, , , , 
171,1270667955676,1270667989344,04/07/2010 15:18:58,0, , , , 
172,1270667993777,1270668026211,04/07/2010 15:19:37,0, , , , 
173,1270668027691,1270668060273,04/07/2010 15:20:11,0, , , , 
174,1270668064804,1270668107013,04/07/2010 15:20:43,0, , , , 
175,1270668116484,1270668163987,04/07/2010 15:21:32,0, , , , 
176,1270668166113,1270668201847,04/07/2010 15:22:28,0, , , , 
177,1270668202770,1270668244497,04/07/2010 15:23:01,0, , , , 
178,1270668249636,1270668278361,04/07/2010 15:23:55,0, , , , 
179,1270668283281,1270668320521,04/07/2010 15:24:24,0, , , , 
180,1270668325266,1270668353697,04/07/2010 15:25:11,0, , , , 
181,1270668356135,1270668394163,04/07/2010 15:25:37,0, , , , 
182,1270668395499,1270668429991,04/07/2010 15:26:18,0, , , , 
183,1270668431126,1270668467816,04/07/2010 15:26:52,0, , , , 
184,1270668470114,1270668498281,04/07/2010 15:27:36,0, , , , 
185,1270668500837,1270668534502,04/07/2010 15:28:04,0, , , , 
186,1270668538909,1270668567767,04/07/2010 15:28:44,0, , , , 
187,1270668570527,1270668595970,04/07/2010 15:29:17,0, , , , 
188,1270668599247,1270668626758,04/07/2010 15:29:45,0, , , , 
189,1270668629137,1270668662367,04/07/2010 15:30:12,0, , , , 
190,1270668667175,1270668733228,04/07/2010 15:30:34,0, , , , 
191,1270668741121,1270668918725,04/07/2010 15:30:52,0, , , , 
192,1270669906963,1270669928657,04/07/2010 15:51:36,0, , , , 
193,1270669935755,1270669968584,04/07/2010 15:51:59,2, , , , 
194,1270669971130,1270670002317,04/07/2010 15:52:35,2, , , , 
195,1270670006735,1270670063769,04/07/2010 15:52:58,0, , , , 
196,1270670068112,1270670111381,04/07/2010 15:54:06,0, , , , 
197,1270670113957,1270670153023,04/07/2010 15:54:54,0, , , , 
198,1270670156210,1270670195790,04/07/2010 15:55:36,0, , , , 
199,1270670198370,1270670238194,04/07/2010 15:56:18,0, , , , 
200,1270670242908,1270670275508,04/07/2010 15:57:06,0, , , , 
201,1270670276665,1270670319539,04/07/2010 15:57:35,2, , , , 
202,1270670322885,1270670374452,04/07/2010 15:58:17,0, , , , 
203,1270670403276,1270670468360,04/07/2010 15:59:30,2, , , , 
204,1270670477849,1270670680302,04/07/2010 15:59:36,2, , , , 
205,1270670684882,1270670816685,04/07/2010 16:03:38,2, , , , 
206,1270670821799,1270670877793,04/07/2010 16:06:33,2, , , , 
207,1270673090650,1270673139474,04/07/2010 16:44:26,1, , , , 
208,1270673149112,1270673200610,04/07/2010 16:45:23,1, , , , 
209,1270673205280,1270673252242,04/07/2010 16:46:21,0, , , , 
210,1270673257085,1270673308303,04/07/2010 16:47:11,1, , , , 
211,1270673313091,1270673378656,04/07/2010 16:48:00,1, , , , 
212,1270673383410,1270673439646,04/07/2010 16:49:15,1, , , , 
213,1270673444282,1270673495968,04/07/2010 16:50:18,1, , , , 
214,1270673500712,1270673556868,04/07/2010 16:51:12,1, , , , 
215,1270673628459,1270673670748,04/07/2010 16:53:27,1, , , , 
216,1270673674487,1270673725935,04/07/2010 16:54:08,1, , , , 
217,1270673730453,1270673783217,04/07/2010 16:55:04,1, , , , 
218,1270673786947,1270673959790,04/07/2010 16:55:00,0, , , , 
219,1270673983585,1270674086741,04/07/2010 16:58:52,2, , , , 
220,1270674673095,1270674819180,04/07/2010 17:10:00,2, , , , 
221,1270674979254,1270675101894,04/07/2010 17:15:17,0, , , , 
222,1270675389316,1270675610897,04/07/2010 17:21:18,0, , , , 
223,1270675770180,1270675935969,04/07/2010 17:28:07,1, , , , 
224,1270676194552,1270676331888,04/07/2010 17:35:25,2, , , , 
225,1270676580872,1270676665806,04/07/2010 17:42:18,0, , , , 
226,1270677156020,1270677264276,04/07/2010 17:51:41,1, , , , 
227,1270677650420,1270677829930,04/07/2010 17:59:20,2, , , , 
228,1270677848656,1270677948127,04/07/2010 18:03:18,2, , , , 
229,1270677952314,1270678037153,04/07/2010 18:05:09,2, , , , 
230,1270678046100,1270678182991,04/07/2010 18:06:17,2, , , , 
231,1270678201754,1270678282433,04/07/2010 18:09:21,0, , , , 
232,1270678287138,1270678343516,04/07/2010 18:10:58,2, , , , 
233,1270678348302,1270678597790,04/07/2010 18:10:23,0, , , , 
234,1270678635468,1270678776243,04/07/2010 18:16:05,1, , , , 
235,1270679228463,1270679459655,04/07/2010 18:25:12,2, , , , 
236,1270679464460,1270679642918,04/07/2010 18:29:35,1, , , , 
237,1270679648309,1270679841464,04/07/2010 18:32:31,0, , , , 
238,1270679846060,1270679986838,04/07/2010 18:36:15,1, , , , 
239,1270679991621,1270680076618,04/07/2010 18:39:09,0, , , , 
240,1270680081579,1270680185102,04/07/2010 18:40:29,0, , , , 
241,1270680416211,1270680557711,04/07/2010 18:45:45,0, , , , 
242,1270680599303,1270680759618,04/07/2010 18:48:39,0, , , , 
243,1270684256337,1270684346292,04/07/2010 19:50:11,2, , , , 
244,1270684350797,1270684430492,04/07/2010 19:51:50,1, , , , 
245,1270684435036,1270684557676,04/07/2010 19:52:53,2, , , , 
246,1270684567300,1270684662805,04/07/2010 19:55:19,1, , , , 
247,1270684666048,1270684755315,04/07/2010 19:57:01,2, , , , 
248,1270684760642,1270684878555,04/07/2010 19:58:21,2, , , , 
249,1270684887333,1270685005472,04/07/2010 20:00:28,2, , , , 
250,1270685010572,1270685118412,04/07/2010 20:02:36,2, , , , 
251,1270685128145,1270685217293,04/07/2010 20:04:43,2, , , , 
252,1270685231403,1270685298392,04/07/2010 20:06:37,2, , , , 
253,1270685302205,1270685405507,04/07/2010 20:07:30,2, , , , 
254,1270685420108,1270685481265,04/07/2010 20:09:49,2, , , , 
255,1270685490867,1270685551589,04/07/2010 20:11:00,2, , , , 
256,1270685557097,1270685628064,04/07/2010 20:12:01,2, , , , 
257,1270685637177,1270685758572,04/07/2010 20:12:56,2, , , , 
258,1270685763587,1270685871998,04/07/2010 20:15:09,2, , , , 
259,1270685877170,1270685938076,04/07/2010 20:17:26,1, , , , 
260,1270685942866,1270686032624,04/07/2010 20:18:17,1, , , , 
261,1270686041958,1270686126719,04/07/2010 20:19:59,2, , , , 
262,1270686131311,1270686197499,04/07/2010 20:21:38,1, , , , 
263,1270686207093,1270686273170,04/07/2010 20:22:54,1, , , , 
264,1270686281907,1270686372098,04/07/2010 20:23:56,2, , , , 
265,1270686376546,1270686433941,04/07/2010 20:25:47,2, , , , 
266,1270686437972,1270686513112,04/07/2010 20:26:40,0, , , , 
267,1270686517779,1270686611362,04/07/2010 20:27:50,2, , , , 
268,1270686621021,1270686692118,04/07/2010 20:29:45,2, , , , 
269,1270686696382,1270686799889,04/07/2010 20:30:44,2, , , , 
270,1270686832829,1270686913250,04/07/2010 20:33:12,1, , , , 
271,1270686922626,1270687013056,04/07/2010 20:34:37,1, , , , 
272,1270687017056,1270687101721,04/07/2010 20:36:14,1, , , , 
273,1270687106357,1270687176893,04/07/2010 20:37:51,1, , , , 
274,1270687182646,1270687242993,04/07/2010 20:39:12,1, , , , 
275,1270687247531,1270687309295,04/07/2010 20:40:16,1, , , , 
276,1270687313795,1270687393712,04/07/2010 20:41:13,1, , , , 
277,1270687403157,1270687498074,04/07/2010 20:42:35,1, , , , 
278,1270687558202,1270687652802,04/07/2010 20:45:10,2, , , , 
279,1270687666946,1270687741964,04/07/2010 20:47:09,2, , , , 
280,1270687762103,1270687855218,04/07/2010 20:48:35,1, , , , 
281,1270687864705,1270687935592,04/07/2010 20:50:29,2, , , , 
282,1270687945391,1270688034543,04/07/2010 20:51:40,2, , , , 
283,1270688048496,1270688114392,04/07/2010 20:53:35,2, , , , 
284,1270688119757,1270688227477,04/07/2010 20:54:25,0, , , , 
285,1270688232229,1270688294725,04/07/2010 20:56:40,2, , , , 
286,1270688298625,1270688373377,04/07/2010 20:57:41,2, , , , 
287,1270688383534,1270688463011,04/07/2010 20:59:03,2, , , , 
288,1270688472073,1270688538396,04/07/2010 21:00:38,1, , , , 
289,1270688542915,1270688647080,04/07/2010 21:01:30,2, , , , 
290,1270688651749,1270688731162,04/07/2010 21:03:32,2, , , , 
291,1270688736195,1270688797692,04/07/2010 21:05:05,2, , , , 
292,1270688802135,1270688863682,04/07/2010 21:06:11,2, , , , 
293,1270688877482,1270688957535,04/07/2010 21:07:17,1, , , , 
294,1270688962796,1270689033162,04/07/2010 21:08:47,1, , , , 
295,1270689037867,1270689118232,04/07/2010 21:09:57,1, , , , 
296,1270689127536,1270689211910,04/07/2010 21:11:25,2, , , , 
297,1270689217112,1270689292441,04/07/2010 21:12:59,0, , , , 
298,1270689296915,1270689362502,04/07/2010 21:14:24,0, , , , 
299,1270689367575,1270689428654,04/07/2010 21:15:37,0, , , , 
300,1270689434325,1270689499836,04/07/2010 21:16:41,1, , , , 
301,1270689504284,1270689570143,04/07/2010 21:17:51,2, , , , 
302,1270689579616,1270689640479,04/07/2010 21:19:09,2, , , , 
303,1270689645523,1270689716050,04/07/2010 21:20:10,1, , , , 
304,1270689721647,1270689781940,04/07/2010 21:21:31,1, , , , 
305,1270689792086,1270689894928,04/07/2010 21:22:20,1, , , , 
306,1270689899843,1270689970522,04/07/2010 21:24:24,1, , , , 
307,1270689975020,1270690050814,04/07/2010 21:25:37,0, , , , 
308,1270690055834,1270690125809,04/07/2010 21:27:00,0, , , , 
309,1270690131120,1270690186972,04/07/2010 21:28:23,1, , , , 
310,1270690191912,1270690257705,04/07/2010 21:29:19,0, , , , 
311,1270690262342,1270690324107,04/07/2010 21:30:31,2, , , , 
312,1270690328343,1270690408496,04/07/2010 21:31:28,2, , , , 
313,1270690417896,1270690554708,04/07/2010 21:32:29,1, , , , 
1,1270614256992,1270614315787,04/07/2010 00:23:47, ,0, , , 
2,1270614315787,1270614377801,04/07/2010 00:24:44, ,0, , , 
3,1270614377801,1270614465144,04/07/2010 00:25:34, ,0, , , 
4,1270614465144,1270614527507,04/07/2010 00:27:13, ,0, , , 
5,1270614527507,1270614607192,04/07/2010 00:28:07, ,0, , , 
6,1270614607996,1270614675390,04/07/2010 00:29:34, ,0, , , 
7,1270660530324,1270660589033,04/07/2010 13:15:00, ,1, , , 
8,1270660530324,1270660589033,04/07/2010 13:15:00, ,1, , , 
9,1270660591071,1270660642988,04/07/2010 13:16:05, ,1, , , 
10,1270660591071,1270660642988,04/07/2010 13:16:05, ,1, , , 
11,1270660647146,1270660699198,04/07/2010 13:17:01, ,1, , , 
12,1270660647146,1270660699198,04/07/2010 13:17:01, ,1, , , 
13,1270660649968,1270660712188,04/07/2010 13:16:58, ,1, , , 
14,1270660649968,1270660712188,04/07/2010 13:16:58, ,1, , , 
15,1270660858963,1270660916299,04/07/2010 13:20:30, ,1, , , 
16,1270660916299,1270660979742,04/07/2010 13:21:24, ,1, , , 
17,1270660979742,1270661039658,04/07/2010 13:22:29, ,0, , , 
18,1270661039658,1270661101937,04/07/2010 13:23:28, ,0, , , 
19,1270661101937,1270661163869,04/07/2010 13:24:30, ,0, , , 
20,1270661165554,1270661226421,04/07/2010 13:25:35, ,0, , , 
21,1270661226421,1270661287465,04/07/2010 13:26:35, ,0, , , 
22,1270661287465,1270661349812,04/07/2010 13:27:36, ,0, , , 
23,1270661349812,1270661411693,04/07/2010 13:28:38, ,0, , , 
24,1270661488487,1270661543683,04/07/2010 13:31:00, ,0, , , 
25,1270661543683,1270661606777,04/07/2010 13:31:52, ,0, , , 
26,1270661606777,1270661668190,04/07/2010 13:32:56, ,0, , , 
27,1270661668190,1270661729788,04/07/2010 13:33:57, ,0, , , 
28,1270661729788,1270661791225,04/07/2010 13:34:59, ,0, , , 
29,1270661792467,1270661856111,04/07/2010 13:36:00, ,0, , , 
30,1270661856111,1270661918591,04/07/2010 13:37:04, ,0, , , 
31,1270661918591,1270661980023,04/07/2010 13:38:07, ,0, , , 
32,1270661980023,1270662042106,04/07/2010 13:39:08, ,0, , , 
33,1270662042106,1270662103551,04/07/2010 13:40:11, ,0, , , 
34,1270662153824,1270662211701,04/07/2010 13:42:04, ,0, , , 
35,1270662211701,1270662272987,04/07/2010 13:43:01, ,0, , , 
36,1270662272987,1270662338250,04/07/2010 13:44:00, ,1, , , 
37,1270662338250,1270662399257,04/07/2010 13:45:07, ,1, , , 
38,1270664434326,1270664520244,04/07/2010 14:19:51, ,1, , , 
39,1270664434326,1270664520244,04/07/2010 14:19:51, ,1, , , 
40,1270664434326,1270664520244,04/07/2010 14:19:51, ,1, , , 
41,1270664523199,1270664574140,04/07/2010 14:21:37, ,0, , , 
42,1270664523199,1270664574140,04/07/2010 14:21:37, ,0, , , 
43,1270664523199,1270664574140,04/07/2010 14:21:37, ,0, , , 
44,1270664574669,1270664631100,04/07/2010 14:22:26, ,0, , , 
45,1270664574669,1270664631100,04/07/2010 14:22:26, ,0, , , 
46,1270664574669,1270664631100,04/07/2010 14:22:26, ,0, , , 
47,1270664631927,1270664688665,04/07/2010 14:23:23, ,0, , , 
48,1270664631927,1270664688665,04/07/2010 14:23:23, ,0, , , 
49,1270664631927,1270664688665,04/07/2010 14:23:23, ,1, , , 
50,1270664688710,1270664745756,04/07/2010 14:24:20, ,1, , , 
51,1270664688710,1270664745756,04/07/2010 14:24:20, ,0, , , 
52,1270664688710,1270664745756,04/07/2010 14:24:20, ,0, , , 
53,1270664747752,1270664804904,04/07/2010 14:25:19, ,0, , , 
54,1270664747752,1270664804904,04/07/2010 14:25:19, ,0, , , 
55,1270664747752,1270664804904,04/07/2010 14:25:19, ,0, , , 
56,1270664805106,1270665492741,04/07/2010 14:21:01, ,0, , , 
57,1270664805106,1270665492741,04/07/2010 14:21:01, ,0, , , 
58,1270664805106,1270665492741,04/07/2010 14:21:01, ,0, , , 
59,1270665493544,1270665505886,04/07/2010 14:38:07, ,1, , , 
60,1270665493544,1270665505886,04/07/2010 14:38:07, ,1, , , 
61,1270665493544,1270665505886,04/07/2010 14:38:07, ,1, , , 
62,1270665505970,1270665524464,04/07/2010 14:38:16, ,0, , , 
63,1270665505970,1270665524464,04/07/2010 14:38:16, ,0, , , 
64,1270665505970,1270665524464,04/07/2010 14:38:16, ,0, , , 
65,1270665524559,1270665538748,04/07/2010 14:38:37, ,0, , , 
66,1270665524559,1270665538748,04/07/2010 14:38:37, ,0, , , 
67,1270665524559,1270665538748,04/07/2010 14:38:37, ,0, , , 
68,1270665538974,1270665552729,04/07/2010 14:38:52, ,0, , , 
69,1270665538974,1270665552729,04/07/2010 14:38:52, ,0, , , 
70,1270665538974,1270665552729,04/07/2010 14:38:52, ,0, , , 
71,1270665553356,1270665565212,04/07/2010 14:39:07, ,0, , , 
72,1270665553356,1270665565212,04/07/2010 14:39:07, ,0, , , 
73,1270665553356,1270665565212,04/07/2010 14:39:07, ,0, , , 
74,1270665564965,1270665577643,04/07/2010 14:39:18, ,0, , , 
75,1270665564965,1270665577643,04/07/2010 14:39:18, ,0, , , 
76,1270665564965,1270665577643,04/07/2010 14:39:18, ,1, , , 
77,1270665577832,1270665592499,04/07/2010 14:39:30, ,1, , , 
78,1270665577832,1270665592499,04/07/2010 14:39:30, ,1, , , 
79,1270665577832,1270665592499,04/07/2010 14:39:30, ,1, , , 
80,1270665593302,1270665610146,04/07/2010 14:39:44, ,0, , , 
81,1270665593302,1270665610146,04/07/2010 14:39:44, ,1, , , 
82,1270665593302,1270665610146,04/07/2010 14:39:44, ,1, , , 
83,1270665917356,1270665970376,04/07/2010 14:44:50, ,1, , , 
84,1270665917356,1270665970376,04/07/2010 14:44:50, ,1, , , 
85,1270665970376,1270666035981,04/07/2010 14:45:37, ,1, , , 
86,1270665970376,1270666035981,04/07/2010 14:45:37, ,1, , , 
87,1270666035981,1270666101609,04/07/2010 14:46:43, ,1, , , 
88,1270666035981,1270666101609,04/07/2010 14:46:43, ,1, , , 
89,1270666101609,1270666162619,04/07/2010 14:47:51, ,0, , , 
90,1270666101609,1270666162619,04/07/2010 14:47:51, ,0, , , 
91,1270666162619,1270666225035,04/07/2010 14:48:51, ,0, , , 
92,1270666162619,1270666225035,04/07/2010 14:48:51, ,0, , , 
93,1270666225564,1270666286838,04/07/2010 14:49:54, ,0, , , 
94,1270666225564,1270666286838,04/07/2010 14:49:54, ,0, , , 
95,1270666286838,1270666349348,04/07/2010 14:50:55, ,0, , , 
96,1270666286838,1270666349348,04/07/2010 14:50:55, ,0, , , 
97,1270666349348,1270666410491,04/07/2010 14:51:58, ,0, , , 
98,1270666349348,1270666410491,04/07/2010 14:51:58, ,0, , , 
99,1270666410491,1270666472022,04/07/2010 14:52:59, ,0, , , 
100,1270666410491,1270666472022,04/07/2010 14:52:59, ,1, , , 
101,1270666472022,1270666533030,04/07/2010 14:54:01, ,1, , , 
102,1270666472022,1270666533030,04/07/2010 14:54:01, ,1, , , 
103,1270666534615,1270666593958,04/07/2010 14:55:04, ,1, , , 
104,1270666534615,1270666593958,04/07/2010 14:55:04, ,1, , , 
105,1270666593958,1270666656569,04/07/2010 14:56:02, ,1, , , 
106,1270666593958,1270666656569,04/07/2010 14:56:02, ,1, , , 
107,1270666656569,1270666718199,04/07/2010 14:57:05, ,1, , , 
108,1270666656569,1270666718199,04/07/2010 14:57:05, ,1, , , 
109,1270666718199,1270666778650,04/07/2010 14:58:07, ,1, , , 
110,1270666718199,1270666778650,04/07/2010 14:58:07, ,0, , , 
111,1270666778650,1270666839785,04/07/2010 14:59:08, ,0, , , 
112,1270666778650,1270666839785,04/07/2010 14:59:08, ,0, , , 
113,1270666840682,1270666883785,04/07/2010 15:00:19, ,0, , , 
114,1270666840682,1270666883785,04/07/2010 15:00:19, ,0, , , 
115,1270666883785,1270666929896,04/07/2010 15:01:00, ,0, , , 
116,1270666883785,1270666929896,04/07/2010 15:01:00, ,0, , , 
117,1270666929896,1270666970826,04/07/2010 15:01:49, ,0, , , 
118,1270666929896,1270666970826,04/07/2010 15:01:49, ,0, , , 
119,1270666970826,1270667011229,04/07/2010 15:02:30, ,0, , , 
120,1270666970826,1270667011229,04/07/2010 15:02:30, ,1, , , 
121,1270667011229,1270667054501,04/07/2010 15:03:09, ,1, , , 
122,1270667011229,1270667054501,04/07/2010 15:03:09, ,1, , , 
123,1270667055355,1270667098284,04/07/2010 15:03:53, ,1, , , 
124,1270667055355,1270667098284,04/07/2010 15:03:53, ,1, , , 
125,1270667098284,1270667146146,04/07/2010 15:04:34, ,1, , , 
126,1270667098284,1270667146146,04/07/2010 15:04:34, ,1, , , 
127,1270667147034,1270667189417,04/07/2010 15:05:25, ,0, , , 
128,1270667147034,1270667189417,04/07/2010 15:05:25, ,0, , , 
129,1270667186999,1270667231788,04/07/2010 15:06:04, ,0, , , 
130,1270667186999,1270667231788,04/07/2010 15:06:04, ,0, , , 
131,1270667231788,1270667271945,04/07/2010 15:06:51, ,1, , , 
132,1270667231788,1270667271945,04/07/2010 15:06:51, ,-1, , , 
133,1270667272518,1270667319874,04/07/2010 15:07:28, ,1, , , 
134,1270667272518,1270667319874,04/07/2010 15:07:28, ,1, , , 
135,1270667319874,1270667362922,04/07/2010 15:08:18, ,1, , , 
136,1270667319874,1270667362922,04/07/2010 15:08:18, ,0, , , 
137,1270667362922,1270667405005,04/07/2010 15:09:01, ,0, , , 
138,1270667362922,1270667405005,04/07/2010 15:09:01, ,0, , , 
139,1270667405005,1270667461087,04/07/2010 15:09:36, ,0, , , 
140,1270667405005,1270667461087,04/07/2010 15:09:36, ,0, , , 
141,1270667461087,1270667503563,04/07/2010 15:10:39, ,0, , , 
142,1270667461087,1270667503563,04/07/2010 15:10:39, ,0, , , 
143,1270667504490,1270667549024,04/07/2010 15:11:22, ,0, , , 
144,1270667504490,1270667549024,04/07/2010 15:11:22, ,0, , , 
145,1270667544134,1270667595248,04/07/2010 15:11:58, ,0, , , 
146,1270667544134,1270667595248,04/07/2010 15:11:58, ,0, , , 
147,1270667601318,1270667639066,04/07/2010 15:13:02, ,0, , , 
148,1270667601318,1270667639066,04/07/2010 15:13:02, ,0, , , 
149,1270667647888,1270667695734,04/07/2010 15:13:43, ,0, , , 
150,1270667647888,1270667695734,04/07/2010 15:13:43, ,1, , , 
151,1270667700241,1270667738148,04/07/2010 15:14:41, ,1, , , 
152,1270667700241,1270667738148,04/07/2010 15:14:41, ,1, , , 
153,1270667742908,1270667785420,04/07/2010 15:15:21, ,1, , , 
154,1270667742908,1270667785420,04/07/2010 15:15:21, ,1, , , 
155,1270667789747,1270667827672,04/07/2010 15:16:10, ,1, , , 
156,1270667789747,1270667827672,04/07/2010 15:16:10, ,1, , , 
157,1270667832468,1270667875007,04/07/2010 15:16:51, ,1, , , 
158,1270667832468,1270667875007,04/07/2010 15:16:51, ,0, , , 
159,1270667865962,1270667909596,04/07/2010 15:17:24, ,0, , , 
160,1270667865962,1270667909596,04/07/2010 15:17:24, ,0, , , 
161,1270667909596,1270667948335,04/07/2010 15:18:10, ,0, , , 
162,1270667909596,1270667948335,04/07/2010 15:18:10, ,0, , , 
163,1270667948842,1270667988986,04/07/2010 15:18:48, ,1, , , 
164,1270667948842,1270667988986,04/07/2010 15:18:48, ,1, , , 
165,1270667988986,1270668032016,04/07/2010 15:19:27, ,1, , , 
166,1270667988986,1270668032016,04/07/2010 15:19:27, ,1, , , 
167,1270668032016,1270668077334,04/07/2010 15:20:09, ,1, , , 
168,1270668032016,1270668077334,04/07/2010 15:20:09, ,0, , , 
169,1270668077334,1270668123058,04/07/2010 15:20:54, ,0, , , 
170,1270668077334,1270668123058,04/07/2010 15:20:54, ,1, , , 
171,1270668123058,1270668169479,04/07/2010 15:21:39, ,1, , , 
172,1270668123058,1270668169479,04/07/2010 15:21:39, ,1, , , 
173,1270668169654,1270668212533,04/07/2010 15:22:28, ,1, , , 
174,1270668169654,1270668212533,04/07/2010 15:22:28, ,1, , , 
175,1270668212533,1270668259591,04/07/2010 15:23:09, ,1, , , 
176,1270668212533,1270668259591,04/07/2010 15:23:09, ,1, , , 
177,1270668259591,1270668304096,04/07/2010 15:23:57, ,0, , , 
178,1270668259591,1270668304096,04/07/2010 15:23:57, ,0, , , 
179,1270668304096,1270668342316,04/07/2010 15:24:44, ,0, , , 
180,1270668304096,1270668342316,04/07/2010 15:24:44, ,0, , , 
181,1270668342316,1270668376336,04/07/2010 15:25:25, ,-1, , , 
182,1270668342316,1270668376336,04/07/2010 15:25:25, ,-1, , , 
183,1270668377126,1270668418359,04/07/2010 15:25:56, ,0, , , 
184,1270668377126,1270668418359,04/07/2010 15:25:56, ,0, , , 
185,1270668418359,1270668458857,04/07/2010 15:26:38, ,0, , , 
186,1270668418359,1270668458857,04/07/2010 15:26:38, ,0, , , 
187,1270668458857,1270668495113,04/07/2010 15:27:20, ,0, , , 
188,1270668458857,1270668495113,04/07/2010 15:27:20, ,0, , , 
189,1270668495113,1270668530304,04/07/2010 15:27:57, ,0, , , 
190,1270668495113,1270668530304,04/07/2010 15:27:57, ,0, , , 
191,1270668530304,1270668563851,04/07/2010 15:28:33, ,0, , , 
192,1270668530304,1270668563851,04/07/2010 15:28:33, ,0, , , 
193,1270668564501,1270668597548,04/07/2010 15:29:07, ,0, , , 
194,1270668564501,1270668597548,04/07/2010 15:29:07, ,0, , , 
195,1270668597548,1270668636097,04/07/2010 15:29:38, ,0, , , 
196,1270668597548,1270668636097,04/07/2010 15:29:38, ,0, , , 
197,1270668636097,1270668675275,04/07/2010 15:30:16, ,0, , , 
198,1270668636097,1270668675275,04/07/2010 15:30:16, ,0, , , 
199,1270668675275,1270668760064,04/07/2010 15:30:32, ,0, , , 
200,1270668675275,1270668760064,04/07/2010 15:30:32, ,1, , , 
201,1270669906727,1270669935554,04/07/2010 15:51:32, ,1, , , 
202,1270669906727,1270669935554,04/07/2010 15:51:32, ,1, , , 
203,1270669933444,1270669967074,04/07/2010 15:51:56, ,1, , , 
204,1270669933444,1270669967074,04/07/2010 15:51:56, ,1, , , 
205,1270669967074,1270670001718,04/07/2010 15:52:29, ,1, , , 
206,1270669967074,1270670001718,04/07/2010 15:52:29, ,1, , , 
207,1270670001718,1270670047306,04/07/2010 15:52:58, ,1, , , 
208,1270670001718,1270670047306,04/07/2010 15:52:58, ,0, , , 
209,1270670044626,1270670086723,04/07/2010 15:53:43, ,0, , , 
210,1270670044626,1270670086723,04/07/2010 15:53:43, ,0, , , 
211,1270670089585,1270670129606,04/07/2010 15:54:29, ,0, , , 
212,1270670089585,1270670129606,04/07/2010 15:54:29, ,0, , , 
213,1270670128316,1270670172865,04/07/2010 15:55:06, ,0, , , 
214,1270670128316,1270670172865,04/07/2010 15:55:06, ,0, , , 
215,1270670172824,1270670214728,04/07/2010 15:55:51, ,0, , , 
216,1270670172824,1270670214728,04/07/2010 15:55:51, ,0, , , 
217,1270670217562,1270670246757,04/07/2010 15:56:42, ,0, , , 
218,1270670217562,1270670246757,04/07/2010 15:56:42, ,0, , , 
219,1270670245033,1270670275813,04/07/2010 15:57:09, ,0, , , 
220,1270670245033,1270670275813,04/07/2010 15:57:09, ,0, , , 
221,1270670276830,1270670308442,04/07/2010 15:57:41, ,0, , , 
222,1270670276830,1270670308442,04/07/2010 15:57:41, ,0, , , 
223,1270670308362,1270670365768,04/07/2010 15:57:59, ,0, , , 
224,1270670308362,1270670365768,04/07/2010 15:57:59, ,0, , , 
225,1270670404293,1270670529161,04/07/2010 15:59:01, ,0, , , 
226,1270670404293,1270670529161,04/07/2010 15:59:01, ,0, , , 
227,1270670557434,1270670689566,04/07/2010 16:01:31, ,0, , , 
228,1270670557434,1270670689566,04/07/2010 16:01:31, ,0, , , 
229,1270670693886,1270670811915,04/07/2010 16:03:54, ,0, , , 
230,1270670693886,1270670811915,04/07/2010 16:03:54, ,0, , , 
231,1270670770934,1270670912391,04/07/2010 16:05:00, ,0, , , 
232,1270670770934,1270670912391,04/07/2010 16:05:00, ,0, , , 
233,1270670912391,1270671031593,04/07/2010 16:07:32, ,0, , , 
234,1270670912391,1270671031593,04/07/2010 16:07:32, ,0, , , 
235,1270673090482,1270673143831,04/07/2010 16:44:23, ,0, , , 
236,1270673090482,1270673143831,04/07/2010 16:44:23, ,0, , , 
237,1270673141075,1270673203240,04/07/2010 16:45:09, ,1, , , 
238,1270673141075,1270673203240,04/07/2010 16:45:09, ,1, , , 
239,1270673203240,1270673264557,04/07/2010 16:46:12, ,1, , , 
240,1270673203240,1270673264557,04/07/2010 16:46:12, ,1, , , 
241,1270673264557,1270673327326,04/07/2010 16:47:13, ,1, , , 
242,1270673264557,1270673327326,04/07/2010 16:47:13, ,0, , , 
243,1270673327326,1270673388112,04/07/2010 16:48:16, ,0, , , 
244,1270673327326,1270673388112,04/07/2010 16:48:16, ,0, , , 
245,1270673389507,1270673449039,04/07/2010 16:49:19, ,0, , , 
246,1270673389507,1270673449039,04/07/2010 16:49:19, ,0, , , 
247,1270673449039,1270673510871,04/07/2010 16:50:18, ,0, , , 
248,1270673449039,1270673510871,04/07/2010 16:50:18, ,0, , , 
249,1270673628147,1270673678970,04/07/2010 16:53:22, ,0, , , 
250,1270673628147,1270673678970,04/07/2010 16:53:22, ,0, , , 
251,1270673678970,1270673740107,04/07/2010 16:54:08, ,0, , , 
252,1270673678970,1270673740107,04/07/2010 16:54:08, ,0, , , 
253,1270673740107,1270673800986,04/07/2010 16:55:09, ,0, , , 
254,1270673740107,1270673800986,04/07/2010 16:55:09, ,0, , , 
255,1270673800986,1270673906082,04/07/2010 16:55:48, ,0, , , 
256,1270673800986,1270673906082,04/07/2010 16:55:48, ,0, , , 
257,1270673906082,1270674036312,04/07/2010 16:57:20, ,0, , , 
258,1270673906082,1270674036312,04/07/2010 16:57:20, ,0, , , 
259,1270674037399,1270674214903,04/07/2010 16:59:08, ,0, , , 
260,1270674037399,1270674214903,04/07/2010 16:59:08, ,0, , , 
261,1270674654533,1270674843955,04/07/2010 17:09:19, ,0, , , 
262,1270674984145,1270675261857,04/07/2010 17:14:05, ,0, , , 
263,1270675384546,1270675601376,04/07/2010 17:21:16, ,1, , , 
264,1270675572012,1270675701526,04/07/2010 17:25:07, ,1, , , 
265,1270675784977,1270675982797,04/07/2010 17:28:06, ,1, , , 
266,1270677154108,1270677335027,04/07/2010 17:51:03, ,1, , , 
267,1270677641250,1270677839323,04/07/2010 17:59:02, ,1, , , 
268,1270677843408,1270677957584,04/07/2010 18:03:06, ,0, , , 
269,1270677962046,1270678070076,04/07/2010 18:05:08, ,0, , , 
270,1270678074599,1270678192087,04/07/2010 18:06:55, ,0, , , 
271,1270678197022,1270678272877,04/07/2010 18:09:19, ,0, , , 
272,1270678277774,1270678338936,04/07/2010 18:10:47, ,0, , , 
273,1270678335087,1270678413850,04/07/2010 18:11:35, ,1, , , 
274,1270678569195,1270678668333,04/07/2010 18:15:19, ,1, , , 
275,1270678656085,1270678782507,04/07/2010 18:16:32, ,1, , , 
276,1270679219385,1270679398564,04/07/2010 18:25:29, ,1, , , 
277,1270679383273,1270679485194,04/07/2010 18:28:52, ,1, , , 
278,1270679492428,1270679587275,04/07/2010 18:30:45, ,1, , , 
279,1270679581914,1270679765810,04/07/2010 18:31:29, ,0, , , 
280,1270679789492,1270679921158,04/07/2010 18:35:23, ,1, , , 
281,1270679930574,1270680034223,04/07/2010 18:37:58, ,1, , , 
282,1270680026132,1270680123647,04/07/2010 18:39:37, ,1, , , 
283,1270680123647,1270680231068,04/07/2010 18:41:09, ,1, , , 
284,1270680415815,1270680543221,04/07/2010 18:45:52, ,1, , , 
285,1270680547479,1270680651250,04/07/2010 18:48:15, ,0, , , 
286,1270680656608,1270680773960,04/07/2010 18:49:57, ,0, , , 
287,1270684256389,1270684336986,04/07/2010 19:50:16, ,0, , , 
288,1270684335029,1270684415725,04/07/2010 19:51:34, ,1, , , 
289,1270684415725,1270684512034,04/07/2010 19:52:47, ,0, , , 
290,1270684500852,1270684638330,04/07/2010 19:53:52, ,1, , , 
291,1270684642495,1270684708840,04/07/2010 19:56:49, ,1, , , 
292,1270684713146,1270684798170,04/07/2010 19:57:50, ,0, , , 
293,1270684803067,1270684906514,04/07/2010 19:59:11, ,0, , , 
294,1270684887866,1270684999446,04/07/2010 20:00:32, ,1, , , 
295,1270684999446,1270685110043,04/07/2010 20:02:24, ,1, , , 
296,1270685110043,1270685217712,04/07/2010 20:04:16, ,1, , , 
297,1270685218644,1270685309618,04/07/2010 20:06:13, ,0, , , 
298,1270685309618,1270685406722,04/07/2010 20:07:41, ,0, , , 
299,1270685406722,1270685487749,04/07/2010 20:09:26, ,0, , , 
300,1270685487749,1270685570561,04/07/2010 20:10:46, ,1, , , 
301,1270685570561,1270685660514,04/07/2010 20:12:05, ,1, , , 
302,1270685655535,1270685782744,04/07/2010 20:13:11, ,1, , , 
303,1270685787260,1270685871715,04/07/2010 20:15:45, ,1, , , 
304,1270685877120,1270685956547,04/07/2010 20:17:17, ,1, , , 
305,1270685947613,1270686049985,04/07/2010 20:18:16, ,1, , , 
306,1270686049985,1270686143978,04/07/2010 20:20:02, ,1, , , 
307,1270686144480,1270686238615,04/07/2010 20:21:37, ,1, , , 
308,1270686238615,1270686331916,04/07/2010 20:23:11, ,1, , , 
309,1270686331916,1270686423790,04/07/2010 20:24:45, ,1, , , 
310,1270686423790,1270686509636,04/07/2010 20:26:20, ,0, , , 
311,1270686509636,1270686605221,04/07/2010 20:27:41, ,-1, , , 
312,1270686605937,1270686690057,04/07/2010 20:29:23, ,0, , , 
313,1270686691410,1270686799663,04/07/2010 20:30:37, ,0, , , 
314,1270686809690,1270686936434,04/07/2010 20:32:26, ,0, , , 
315,1270686950696,1270687012239,04/07/2010 20:35:19, ,0, , , 
316,1270687016946,1270687096779,04/07/2010 20:36:17, ,0, , , 
317,1270687106330,1270687167345,04/07/2010 20:37:55, ,1, , , 
318,1270687166582,1270687250526,04/07/2010 20:38:44, ,1, , , 
319,1270687250526,1270687329080,04/07/2010 20:40:11, ,1, , , 
320,1270687329080,1270687420291,04/07/2010 20:41:23, ,1, , , 
321,1270687420291,1270687582065,04/07/2010 20:42:19, ,1, , , 
322,1270687583429,1270687679942,04/07/2010 20:45:35, ,1, , , 
323,1270687679942,1270687780136,04/07/2010 20:47:09, ,0, , , 
324,1270687780136,1270687883581,04/07/2010 20:48:48, ,0, , , 
325,1270687883581,1270687999044,04/07/2010 20:50:25, ,0, , , 
326,1270687999044,1270688095882,04/07/2010 20:52:30, ,0, , , 
327,1270688096218,1270688202885,04/07/2010 20:54:02, ,0, , , 
328,1270688202885,1270688281440,04/07/2010 20:56:03, ,0, , , 
329,1270688281440,1270688375766,04/07/2010 20:57:14, ,0, , , 
330,1270688375766,1270688483003,04/07/2010 20:58:42, ,0, , , 
331,1270688483003,1270688568693,04/07/2010 21:00:40, ,0, , , 
332,1270688569922,1270688658974,04/07/2010 21:02:05, ,0, , , 
333,1270688658974,1270688759239,04/07/2010 21:03:28, ,1, , , 
334,1270688759239,1270688851324,04/07/2010 21:05:13, ,1, , , 
335,1270688851324,1270688950260,04/07/2010 21:06:41, ,1, , , 
336,1270688950260,1270689028410,04/07/2010 21:08:31, ,-1, , , 
337,1270689028845,1270689115113,04/07/2010 21:09:45, ,0, , , 
338,1270689115113,1270689195164,04/07/2010 21:11:15, ,0, , , 
339,1270689195164,1270689283132,04/07/2010 21:12:31, ,0, , , 
340,1270689283132,1270689353781,04/07/2010 21:14:07, ,1, , , 
341,1270689353781,1270689434791,04/07/2010 21:15:13, ,1, , , 
342,1270689436506,1270689516002,04/07/2010 21:16:36, ,1, , , 
343,1270689499371,1270689598012,04/07/2010 21:17:30, ,1, , , 
344,1270689592853,1270689679112,04/07/2010 21:19:09, ,0, , , 
345,1270689679112,1270689762198,04/07/2010 21:20:37, ,0, , , 
346,1270689762198,1270689841053,04/07/2010 21:22:02, ,1, , , 
347,1270689841315,1270689947354,04/07/2010 21:23:08, ,1, , , 
348,1270689947354,1270690036520,04/07/2010 21:25:02, ,1, , , 
349,1270690036520,1270690112186,04/07/2010 21:26:38, ,1, , , 
350,1270690112186,1270690197026,04/07/2010 21:27:49, ,1, , , 
351,1270690197026,1270690282755,04/07/2010 21:29:14, ,1, , , 
352,1270690283354,1270690367370,04/07/2010 21:30:41, ,0, , , 
353,1270690367370,1270690480410,04/07/2010 21:31:50, ,0, , , 
1,1270612935465,1270612986685,04/07/2010 00:01:49, , ,-2,1, 
2,1270614256994,1270614312449,04/07/2010 00:23:49, , ,-1,1, 
3,1270614312999,1270614368926,04/07/2010 00:24:45, , ,-1,1, 
4,1270614370449,1270614436886,04/07/2010 00:25:37, , ,1,1, 
5,1270614462892,1270614506344,04/07/2010 00:27:21, , ,1,1, 
6,1270614506777,1270614582209,04/07/2010 00:27:49, , ,1,1, 
7,1270614583103,1270614650175,04/07/2010 00:29:09, , ,1,1, 
8,1270614651572,1270614714996,04/07/2010 00:30:19, , ,1,1, 
9,1270615563469,1270615623867,04/07/2010 00:45:33, , ,1,1, 
10,1270615563469,1270615623867,04/07/2010 00:45:33, , ,1,1, 
11,1270615653904,1270615701991,04/07/2010 00:47:09, , ,1,1, 
12,1270615653904,1270615701991,04/07/2010 00:47:09, , ,1,1, 
13,1270615702790,1270615759013,04/07/2010 00:47:54, , ,1,1, 
14,1270615702790,1270615759013,04/07/2010 00:47:54, , ,1,1, 
15,1270615759806,1270615818424,04/07/2010 00:48:50, , ,1,1, 
16,1270615759806,1270615818424,04/07/2010 00:48:50, , ,1,1, 
17,1270615819199,1270615876739,04/07/2010 00:49:50, , ,1,1, 
18,1270615819199,1270615876739,04/07/2010 00:49:50, , ,1,1, 
19,1270615877143,1270615936370,04/07/2010 00:50:47, , ,1,1, 
20,1270615877143,1270615936370,04/07/2010 00:50:47, , ,-2,1, 
21,1270615938829,1270615993401,04/07/2010 00:51:51, , ,-1,1, 
22,1270615938829,1270615993401,04/07/2010 00:51:51, , ,-1,1, 
23,1270615994186,1270616050903,04/07/2010 00:52:45, , ,-1,1, 
24,1270615994186,1270616050903,04/07/2010 00:52:45, , ,-1,1, 
25,1270616051273,1270616115258,04/07/2010 00:53:39, , ,-1,1, 
26,1270616051273,1270616115258,04/07/2010 00:53:39, , ,1,1, 
27,1270616116816,1270616173853,04/07/2010 00:54:48, , ,-1,1, 
28,1270616116816,1270616173853,04/07/2010 00:54:48, , ,-2,1, 
29,1270616174642,1270616231657,04/07/2010 00:55:46, , ,-2,1, 
30,1270616174642,1270616231657,04/07/2010 00:55:46, , ,-1,1, 
31,1270616232527,1270616289488,04/07/2010 00:56:44, , ,-1,1, 
32,1270616232527,1270616289488,04/07/2010 00:56:44, , ,-2,1, 
33,1270616290253,1270616349626,04/07/2010 00:57:40, , ,-1,1, 
34,1270616290253,1270616349626,04/07/2010 00:57:40, , ,-1,1, 
35,1270616350410,1270616407192,04/07/2010 00:58:42, , ,-1,1, 
36,1270616350410,1270616407192,04/07/2010 00:58:42, , ,-1,1, 
37,1270616407505,1270616464466,04/07/2010 00:59:39, , ,-1,1, 
38,1270616407505,1270616464466,04/07/2010 00:59:39, , ,-1,1, 
39,1270616465536,1270616521500,04/07/2010 01:00:37, , ,-1,1, 
40,1270616465536,1270616521500,04/07/2010 01:00:37, , ,-1,1, 
41,1270616522269,1270616578517,04/07/2010 01:01:34, , ,-1,1, 
42,1270616522269,1270616578517,04/07/2010 01:01:34, , ,-1,1, 
43,1270616579351,1270616635590,04/07/2010 01:02:31, , ,-1,1, 
44,1270616579351,1270616635590,04/07/2010 01:02:31, , ,-1,1, 
45,1270616636336,1270616694146,04/07/2010 01:03:27, , ,-1,1, 
46,1270616636336,1270616694146,04/07/2010 01:03:27, , ,-1,1, 
47,1270616695274,1270616751949,04/07/2010 01:04:26, , ,-1,1, 
48,1270616695274,1270616751949,04/07/2010 01:04:26, , ,-1,1, 
49,1270616752797,1270616809869,04/07/2010 01:05:24, , ,-1,1, 
50,1270616752797,1270616809869,04/07/2010 01:05:24, , ,-1,1, 
51,1270616810610,1270616868987,04/07/2010 01:06:21, , ,-1,1, 
52,1270616810610,1270616868987,04/07/2010 01:06:21, , ,-1,1, 
53,1270616869650,1270616926951,04/07/2010 01:07:20, , ,-1,1, 
54,1270616869650,1270616926951,04/07/2010 01:07:20, , ,-1,1, 
55,1270616928267,1270616983196,04/07/2010 01:08:20, , ,-1,1, 
56,1270616928267,1270616983196,04/07/2010 01:08:20, , ,-1,1, 
57,1270616985244,1270617042569,04/07/2010 01:09:16, , ,-1,1, 
58,1270616985244,1270617042569,04/07/2010 01:09:16, , ,-1,1, 
59,1270617043353,1270617104285,04/07/2010 01:10:12, , ,-1,1, 
60,1270617043353,1270617104285,04/07/2010 01:10:12, , ,-1,1, 
61,1270617105141,1270617162595,04/07/2010 01:11:16, , ,-1,1, 
62,1270617105141,1270617162595,04/07/2010 01:11:16, , ,-1,1, 
63,1270617162956,1270617219906,04/07/2010 01:12:14, , ,-1,1, 
64,1270617162956,1270617219906,04/07/2010 01:12:14, , ,-1,1, 
65,1270617220717,1270617278982,04/07/2010 01:13:11, , ,-1,1, 
66,1270617220717,1270617278982,04/07/2010 01:13:11, , ,-1,1, 
67,1270617279378,1270617345386,04/07/2010 01:14:06, , ,-1,1, 
68,1270617279378,1270617345386,04/07/2010 01:14:06, , ,-1,1, 
69,1270617345689,1270617404292,04/07/2010 01:15:16, , ,-1,1, 
70,1270617345689,1270617404292,04/07/2010 01:15:16, , ,-1,1, 
71,1270617405061,1270617466776,04/07/2010 01:16:14, , ,-2,1, 
72,1270617405061,1270617466776,04/07/2010 01:16:14, , ,1,1, 
73,1270617467773,1270617529280,04/07/2010 01:17:17, , ,1,1, 
74,1270617467773,1270617529280,04/07/2010 01:17:17, , ,1,1, 
75,1270617530199,1270617591787,04/07/2010 01:18:19, , ,1,1, 
76,1270617530199,1270617591787,04/07/2010 01:18:19, , ,1,1, 
77,1270617592556,1270617653476,04/07/2010 01:19:22, , ,1,1, 
78,1270617592556,1270617653476,04/07/2010 01:19:22, , ,1,1, 
79,1270617654268,1270617712870,04/07/2010 01:20:24, , ,1,1, 
80,1270617654268,1270617712870,04/07/2010 01:20:24, , ,1,1, 
81,1270617713633,1270617771445,04/07/2010 01:21:24, , ,1,1, 
82,1270617713633,1270617771445,04/07/2010 01:21:24, , ,1,1, 
83,1270617772235,1270617830553,04/07/2010 01:22:23, , ,1,1, 
84,1270617772235,1270617830553,04/07/2010 01:22:23, , ,1,1, 
85,1270617830960,1270617889447,04/07/2010 01:23:21, , ,1,1, 
86,1270617830960,1270617889447,04/07/2010 01:23:21, , ,1,1, 
87,1270617890330,1270617950359,04/07/2010 01:24:20, , ,1,1, 
88,1270617890330,1270617950359,04/07/2010 01:24:20, , ,1,1, 
89,1270617951223,1270618010494,04/07/2010 01:25:21, , ,1,1, 
90,1270617951223,1270618010494,04/07/2010 01:25:21, , ,1,1, 
91,1270618074948,1270618127717,04/07/2010 01:27:28, , ,1,1, 
92,1270618074948,1270618127717,04/07/2010 01:27:28, , ,1,1, 
93,1270618128836,1270618191756,04/07/2010 01:28:17, , ,1,1, 
94,1270618128836,1270618191756,04/07/2010 01:28:17, , ,1,1, 
95,1270618193065,1270618251319,04/07/2010 01:29:23, , ,1,1, 
96,1270618193065,1270618251319,04/07/2010 01:29:23, , ,1,1, 
97,1270618252324,1270618310533,04/07/2010 01:30:23, , ,1,1, 
98,1270618252324,1270618310533,04/07/2010 01:30:23, , ,1,1, 
99,1270618311371,1270618371499,04/07/2010 01:31:21, , ,1,1, 
100,1270618311371,1270618371499,04/07/2010 01:31:21, , ,1,1, 
101,1270618372336,1270618430856,04/07/2010 01:32:23, , ,1,1, 
102,1270618372336,1270618430856,04/07/2010 01:32:23, , ,1,1, 
103,1270618431675,1270618493493,04/07/2010 01:33:20, , ,1,1, 
104,1270618431675,1270618493493,04/07/2010 01:33:20, , ,1,1, 
105,1270618494079,1270618558919,04/07/2010 01:34:21, , ,1,1, 
106,1270618494079,1270618558919,04/07/2010 01:34:21, , ,1,1, 
107,1270618560200,1270618619078,04/07/2010 01:35:30, , ,1,1, 
108,1270618560200,1270618619078,04/07/2010 01:35:30, , ,1,1, 
109,1270618620645,1270618683942,04/07/2010 01:36:28, , ,1,1, 
110,1270618620645,1270618683942,04/07/2010 01:36:28, , ,1,1, 
111,1270618685513,1270618748786,04/07/2010 01:37:33, , ,1,1, 
112,1270618685513,1270618748786,04/07/2010 01:37:33, , ,1,1, 
113,1270618790263,1270618840165,04/07/2010 01:39:25, , ,1,1, 
114,1270618790263,1270618840165,04/07/2010 01:39:25, , ,1,1, 
115,1270618840955,1270618901888,04/07/2010 01:40:10, , ,1,1, 
116,1270618840955,1270618901888,04/07/2010 01:40:10, , ,1,1, 
117,1270618902701,1270618962048,04/07/2010 01:41:13, , ,1,1, 
118,1270618902701,1270618962048,04/07/2010 01:41:13, , ,1,1, 
119,1270618962849,1270619022210,04/07/2010 01:42:13, , ,1,1, 
120,1270618962849,1270619022210,04/07/2010 01:42:13, , ,1,1, 
121,1270619022971,1270619088611,04/07/2010 01:43:10, , ,1,1, 
122,1270619022971,1270619088611,04/07/2010 01:43:10, , ,1,1, 
123,1270619089467,1270619154994,04/07/2010 01:44:16, , ,1,1, 
124,1270619089467,1270619154994,04/07/2010 01:44:16, , ,1,1, 
125,1270619155830,1270619215670,04/07/2010 01:45:25, , ,1,1, 
126,1270619155830,1270619215670,04/07/2010 01:45:25, , ,1,1, 
127,1270619216330,1270619276872,04/07/2010 01:46:26, , ,1,1, 
128,1270619216330,1270619276872,04/07/2010 01:46:26, , ,1,1, 
129,1270619277686,1270619337801,04/07/2010 01:47:27, , ,1,1, 
130,1270619277686,1270619337801,04/07/2010 01:47:27, , ,1,1, 
131,1270619414664,1270619471416,04/07/2010 01:49:46, , ,1,1, 
132,1270619414664,1270619471416,04/07/2010 01:49:46, , ,1,1, 
133,1270619472579,1270619531567,04/07/2010 01:50:43, , ,1,1, 
134,1270619472579,1270619531567,04/07/2010 01:50:43, , ,1,1, 
135,1270619532775,1270619593253,04/07/2010 01:51:42, , ,1,1, 
136,1270619532775,1270619593253,04/07/2010 01:51:42, , ,1,1, 
137,1270619594089,1270619660491,04/07/2010 01:52:40, , ,1,1, 
138,1270619594089,1270619660491,04/07/2010 01:52:40, , ,1,1, 
139,1270619705133,1270619754992,04/07/2010 01:54:40, , ,1,1, 
140,1270619705133,1270619754992,04/07/2010 01:54:40, , ,1,1, 
141,1270619755826,1270619816701,04/07/2010 01:55:25, , ,1,1, 
142,1270619755826,1270619816701,04/07/2010 01:55:25, , ,1,1, 
143,1270619817570,1270619879209,04/07/2010 01:56:26, , ,1,1, 
144,1270619817570,1270619879209,04/07/2010 01:56:26, , ,1,1, 
145,1270619880289,1270619940296,04/07/2010 01:57:30, , ,1,1, 
146,1270619880289,1270619940296,04/07/2010 01:57:30, , ,1,1, 
147,1270619941168,1270620002633,04/07/2010 01:58:30, , ,1,1, 
148,1270619941168,1270620002633,04/07/2010 01:58:30, , ,1,1, 
149,1270620003468,1270620064357,04/07/2010 01:59:33, , ,1,1, 
150,1270620003468,1270620064357,04/07/2010 01:59:33, , ,1,1, 
151,1270620065294,1270620124513,04/07/2010 02:00:35, , ,1,1, 
152,1270620065294,1270620124513,04/07/2010 02:00:35, , ,1,1, 
153,1270620125407,1270620188618,04/07/2010 02:01:33, , ,1,1, 
154,1270620125407,1270620188618,04/07/2010 02:01:33, , ,1,1, 
155,1270620189347,1270620251850,04/07/2010 02:02:38, , ,1,1, 
156,1270620189347,1270620251850,04/07/2010 02:02:38, , ,1,1, 
157,1270620252618,1270620319817,04/07/2010 02:03:39, , ,1,1, 
158,1270620252618,1270620319817,04/07/2010 02:03:39, , ,1,1, 
159,1270620320810,1270620376829,04/07/2010 02:04:52, , ,1,1, 
160,1270620320810,1270620376829,04/07/2010 02:04:52, , ,1,1, 
161,1270620377703,1270620440906,04/07/2010 02:05:46, , ,1,1, 
162,1270620377703,1270620440906,04/07/2010 02:05:46, , ,1,1, 
163,1270620441674,1270620502636,04/07/2010 02:06:51, , ,1,1, 
164,1270620441674,1270620502636,04/07/2010 02:06:51, , ,1,1, 
165,1270620593057,1270620643227,04/07/2010 02:09:27, , ,1,1, 
166,1270620593057,1270620643227,04/07/2010 02:09:27, , ,1,1, 
167,1270620644153,1270620701054,04/07/2010 02:10:15, , ,1,1, 
168,1270620644153,1270620701054,04/07/2010 02:10:15, , ,1,1, 
169,1270620701891,1270620761985,04/07/2010 02:11:11, , ,1,1, 
170,1270620701891,1270620761985,04/07/2010 02:11:11, , ,1,1, 
171,1270620949277,1270621098342,04/07/2010 02:14:34, , ,1,1, 
172,1270620949277,1270621098342,04/07/2010 02:14:34, , ,1,1, 
173,1270621437795,1270621497116,04/07/2010 02:23:28, , ,1,1, 
174,1270621437795,1270621497116,04/07/2010 02:23:28, , ,1,1, 
175,1270621497971,1270621559622,04/07/2010 02:24:27, , ,1,1, 
176,1270621497971,1270621559622,04/07/2010 02:24:27, , ,1,1, 
177,1270621560472,1270621619809,04/07/2010 02:25:30, , ,1,1, 
178,1270621560472,1270621619809,04/07/2010 02:25:30, , ,1,1, 
179,1270621620678,1270621680738,04/07/2010 02:26:30, , ,1,1, 
180,1270621620678,1270621680738,04/07/2010 02:26:30, , ,1,1, 
181,1270621681571,1270621745694,04/07/2010 02:27:29, , ,1,1, 
182,1270621681571,1270621745694,04/07/2010 02:27:29, , ,1,1, 
183,1270621746630,1270621807300,04/07/2010 02:28:36, , ,1,1, 
184,1270621746630,1270621807300,04/07/2010 02:28:36, , ,1,1, 
185,1270621808217,1270621866647,04/07/2010 02:29:39, , ,1,1, 
186,1270621808217,1270621866647,04/07/2010 02:29:39, , ,1,1, 
187,1270621867445,1270621926019,04/07/2010 02:30:38, , ,1,1, 
188,1270621867445,1270621926019,04/07/2010 02:30:38, , ,1,1, 
189,1270621926814,1270621983846,04/07/2010 02:31:38, , ,1,1, 
190,1270621926814,1270621983846,04/07/2010 02:31:38, , ,1,1, 
191,1270621984619,1270622043211,04/07/2010 02:32:35, , ,1,1, 
192,1270621984619,1270622043211,04/07/2010 02:32:35, , ,-1,1, 
193,1270622045333,1270622102599,04/07/2010 02:33:36, , ,-2,1, 
194,1270622045333,1270622102599,04/07/2010 02:33:36, , ,-1,1, 
195,1270622103426,1270622161944,04/07/2010 02:34:34, , ,-1,1, 
196,1270622103426,1270622161944,04/07/2010 02:34:34, , ,-1,1, 
197,1270622219020,1270622272126,04/07/2010 02:36:32, , ,1,1, 
198,1270622219020,1270622272126,04/07/2010 02:36:32, , ,1,1, 
199,1270622273155,1270622329157,04/07/2010 02:37:25, , ,1,1, 
200,1270622273155,1270622329157,04/07/2010 02:37:25, , ,1,1, 
201,1270622329906,1270622386939,04/07/2010 02:38:21, , ,1,1, 
202,1270622329906,1270622386939,04/07/2010 02:38:21, , ,1,1, 
203,1270622387733,1270622444006,04/07/2010 02:39:19, , ,1,1, 
204,1270622387733,1270622444006,04/07/2010 02:39:19, , ,0,0, 
205,1270622444747,1270622501028,04/07/2010 02:40:16, , ,0,0, 
206,1270622444747,1270622501028,04/07/2010 02:40:16, , ,0,0, 
207,1270622560493,1270622608025,04/07/2010 02:42:16, , ,1,1, 
208,1270622560493,1270622608025,04/07/2010 02:42:16, , ,1,1, 
209,1270622608839,1270622667388,04/07/2010 02:42:59, , ,1,1, 
210,1270622608839,1270622667388,04/07/2010 02:42:59, , ,1,1, 
211,1270622668181,1270622725247,04/07/2010 02:43:59, , ,1,1, 
212,1270622668181,1270622725247,04/07/2010 02:43:59, , ,0,0, 
213,1270622760943,1270622807240,04/07/2010 02:45:37, , ,1,1, 
214,1270622760943,1270622807240,04/07/2010 02:45:37, , ,1,1, 
215,1270622808131,1270622865040,04/07/2010 02:46:19, , ,1,1, 
216,1270622808131,1270622865040,04/07/2010 02:46:19, , ,1,1, 
217,1270622865923,1270622922850,04/07/2010 02:47:17, , ,1,1, 
218,1270622865923,1270622922850,04/07/2010 02:47:17, , ,-1,1, 
219,1270622924797,1270622980680,04/07/2010 02:48:16, , ,-1,1, 
220,1270622924797,1270622980680,04/07/2010 02:48:16, , ,-1,1, 
221,1270622981474,1270623038499,04/07/2010 02:49:12, , ,-1,1, 
222,1270622981474,1270623038499,04/07/2010 02:49:12, , ,-1,1, 
223,1270623039416,1270623095526,04/07/2010 02:50:11, , ,-1,1, 
224,1270623039416,1270623095526,04/07/2010 02:50:11, , ,-1,1, 
225,1270623096467,1270623154425,04/07/2010 02:51:07, , ,-1,1, 
226,1270623096467,1270623154425,04/07/2010 02:51:07, , ,-1,1, 
227,1270623154985,1270623210340,04/07/2010 02:52:07, , ,-1,1, 
228,1270623154985,1270623210340,04/07/2010 02:52:07, , ,-1,1, 
229,1270623211133,1270623273666,04/07/2010 02:52:59, , ,-1,1, 
230,1270623211133,1270623273666,04/07/2010 02:52:59, , ,0,0, 
231,1270623302432,1270623351740,04/07/2010 02:54:37, , ,1,1, 
232,1270623302432,1270623351740,04/07/2010 02:54:37, , ,1,1, 
233,1270623352566,1270623409572,04/07/2010 02:55:24, , ,1,1, 
234,1270623352566,1270623409572,04/07/2010 02:55:24, , ,1,1, 
235,1270623410515,1270623469093,04/07/2010 02:56:21, , ,1,1, 
236,1270623410515,1270623469093,04/07/2010 02:56:21, , ,0,0, 
237,1270623469794,1270623526767,04/07/2010 02:57:21, , ,-2,1, 
238,1270623469794,1270623526767,04/07/2010 02:57:21, , ,-2,1, 
239,1270623527975,1270623583792,04/07/2010 02:58:20, , ,-2,1, 
240,1270623527975,1270623583792,04/07/2010 02:58:20, , ,-2,1, 
241,1270623584591,1270623641603,04/07/2010 02:59:16, , ,-2,1, 
242,1270623584591,1270623641603,04/07/2010 02:59:16, , ,-1,1, 
243,1270623642466,1270623699398,04/07/2010 03:00:14, , ,-1,1, 
244,1270623642466,1270623699398,04/07/2010 03:00:14, , ,-1,1, 
245,1270623700188,1270623756467,04/07/2010 03:01:12, , ,-1,1, 
246,1270623700188,1270623756467,04/07/2010 03:01:12, , ,-1,1, 
247,1270623757294,1270623816576,04/07/2010 03:02:07, , ,0,0, 
248,1270623757294,1270623816576,04/07/2010 03:02:07, , ,0,0, 
249,1270623889048,1270623936125,04/07/2010 03:04:25, , ,1,1, 
250,1270623889048,1270623936125,04/07/2010 03:04:25, , ,1,1, 
251,1270623937452,1270623994696,04/07/2010 03:05:08, , ,1,1, 
252,1270623937452,1270623994696,04/07/2010 03:05:08, , ,1,1, 
253,1270623995862,1270624054066,04/07/2010 03:06:06, , ,1,1, 
254,1270623995862,1270624054066,04/07/2010 03:06:06, , ,-1,1, 
255,1270624055305,1270624112661,04/07/2010 03:07:06, , ,-1,1, 
256,1270624055305,1270624112661,04/07/2010 03:07:06, , ,-1,1, 
257,1270624113460,1270624169697,04/07/2010 03:08:05, , ,-1,1, 
258,1270624113460,1270624169697,04/07/2010 03:08:05, , ,-1,1, 
259,1270624170631,1270624228316,04/07/2010 03:09:01, , ,-1,1, 
260,1270624170631,1270624228316,04/07/2010 03:09:01, , ,-1,1, 
261,1270624229137,1270624289996,04/07/2010 03:09:58, , ,-1,1, 
262,1270624229137,1270624289996,04/07/2010 03:09:58, , ,-1,1, 
263,1270624290918,1270624347852,04/07/2010 03:11:02, , ,0,0, 
264,1270624290918,1270624347852,04/07/2010 03:11:02, , ,0,0, 
265,1270624348649,1270624404830,04/07/2010 03:12:00, , ,-1,1, 
266,1270624348649,1270624404830,04/07/2010 03:12:00, , ,-1,1, 
267,1270624405751,1270624462666,04/07/2010 03:12:57, , ,-1,1, 
268,1270624405751,1270624462666,04/07/2010 03:12:57, , ,-1,1, 
269,1270624463443,1270624522035,04/07/2010 03:13:54, , ,-1,1, 
270,1270624463443,1270624522035,04/07/2010 03:13:54, , ,-1,1, 
271,1270624522853,1270624578269,04/07/2010 03:14:55, , ,-1,1, 
272,1270624522853,1270624578269,04/07/2010 03:14:55, , ,-1,1, 
273,1270624579099,1270624636895,04/07/2010 03:15:50, , ,-1,1, 
274,1270624579099,1270624636895,04/07/2010 03:15:50, , ,-1,1, 
275,1270624637678,1270624693933,04/07/2010 03:16:49, , ,-1,1, 
276,1270624637678,1270624693933,04/07/2010 03:16:49, , ,-1,1, 
277,1270624694723,1270624751696,04/07/2010 03:17:46, , ,-1,1, 
278,1270624694723,1270624751696,04/07/2010 03:17:46, , ,-1,1, 
279,1270624752975,1270624808444,04/07/2010 03:18:45, , ,-1,1, 
280,1270624752975,1270624808444,04/07/2010 03:18:45, , ,0,0, 
281,1270624808846,1270624865757,04/07/2010 03:19:40, , ,-1,1, 
282,1270624808846,1270624865757,04/07/2010 03:19:40, , ,0,0, 
283,1270624866551,1270624922830,04/07/2010 03:20:38, , ,-1,1, 
284,1270624866551,1270624922830,04/07/2010 03:20:38, , ,-1,1, 
285,1270624924258,1270624979036,04/07/2010 03:21:36, , ,-1,1, 
286,1270624924258,1270624979036,04/07/2010 03:21:36, , ,-1,1, 
287,1270624980402,1270625036868,04/07/2010 03:22:32, , ,-1,1, 
288,1270624980402,1270625036868,04/07/2010 03:22:32, , ,-1,1, 
289,1270625037791,1270625094667,04/07/2010 03:23:29, , ,-1,1, 
290,1270625037791,1270625094667,04/07/2010 03:23:29, , ,-1,1, 
291,1270625095787,1270625154050,04/07/2010 03:24:26, , ,-1,1, 
292,1270625095787,1270625154050,04/07/2010 03:24:26, , ,-1,1, 
293,1270625154807,1270625211096,04/07/2010 03:25:26, , ,-1,1, 
294,1270625154807,1270625211096,04/07/2010 03:25:26, , ,-1,1, 
295,1270625213015,1270625272027,04/07/2010 03:26:23, , ,-1,1, 
296,1270625213015,1270625272027,04/07/2010 03:26:23, , ,-1,1, 
297,1270625272980,1270625333747,04/07/2010 03:27:22, , ,-1,1, 
298,1270625272980,1270625333747,04/07/2010 03:27:22, , ,-1,1, 
299,1270625334505,1270625393889,04/07/2010 03:28:24, , ,-1,1, 
300,1270625334505,1270625393889,04/07/2010 03:28:24, , ,-1,1, 
301,1270625394935,1270625452507,04/07/2010 03:29:26, , ,-1,1, 
302,1270625394935,1270625452507,04/07/2010 03:29:26, , ,-1,1, 
303,1270625453240,1270625510291,04/07/2010 03:30:24, , ,-1,1, 
304,1270625453240,1270625510291,04/07/2010 03:30:24, , ,-1,1, 
305,1270625511238,1270625568887,04/07/2010 03:31:22, , ,-1,1, 
306,1270625511238,1270625568887,04/07/2010 03:31:22, , ,-2,1, 
307,1270625569763,1270625628252,04/07/2010 03:32:20, , ,-2,1, 
308,1270625569763,1270625628252,04/07/2010 03:32:20, , ,-1,1, 
309,1270625646884,1270625704039,04/07/2010 03:33:38, , ,-1,1, 
310,1270625704840,1270625761095,04/07/2010 03:34:36, , ,-1,1, 
311,1270625761919,1270625839638,04/07/2010 03:35:23, , ,-1,1, 
312,1270625840088,1270625942370,04/07/2010 03:36:28, , ,-2,1, 
313,1270625944731,1270626069779,04/07/2010 03:38:02, , ,-1,1, 
314,1270626071350,1270626235440,04/07/2010 03:39:49, , ,-1,1, 
315,1270626395017,1270626494099,04/07/2010 03:45:45, , ,1,1, 
316,1270626495484,1270626601927,04/07/2010 03:47:22, , ,1,1, 
317,1270626603309,1270626723531,04/07/2010 03:49:03, , ,1,1, 
318,1270626725423,1270626856004,04/07/2010 03:51:00, , ,1,1, 
319,1270626952232,1270627061393,04/07/2010 03:54:57, , ,1,1, 
320,1270627062445,1270627181703,04/07/2010 03:56:42, , ,1,1, 
321,1270627182486,1270627309076,04/07/2010 03:58:39, , ,1,1, 
322,1270627311420,1270627424734,04/07/2010 04:00:54, , ,1,1, 
323,1270657367161,1270657411849,04/07/2010 12:22:24, , ,-1,1, 
324,1270657413541,1270657469671,04/07/2010 12:23:05, , ,-1,1, 
325,1270657471009,1270657526693,04/07/2010 12:24:03, , ,0,1, 
326,1270657527706,1270657584566,04/07/2010 12:24:59, , ,0,1, 
327,1270657585472,1270657641541,04/07/2010 12:25:57, , ,0,1, 
328,1270657643095,1270657700149,04/07/2010 12:26:54, , ,0,1, 
329,1270659586660,1270659628930,04/07/2010 12:59:25, , ,0,1, 
330,1270659831002,1270659889320,04/07/2010 13:03:21, , ,0,1, 
331,1270659890215,1270659945236,04/07/2010 13:04:22, , ,0,1, 
332,1270659862464,1270659999257,04/07/2010 13:03:14, , ,0,1, 
333,1270659862464,1270659999257,04/07/2010 13:03:14, , ,0,1, 
334,1270659945813,1270660002577,04/07/2010 13:05:17, , ,0,1, 
335,1270660003169,1270660060655,04/07/2010 13:06:14, , ,0,1, 
1,1270623947828,1270623958755,04/07/2010 03:05:42, , , , ,0
2,1270623958755,1270623969901,04/07/2010 03:05:53, , , , ,0
3,1270623995862,1270624054066,04/07/2010 03:06:06, , , , ,0
4,1270624055305,1270624112661,04/07/2010 03:07:06, , , , ,0
5,1270624113460,1270624169697,04/07/2010 03:08:05, , , , ,0
6,1270624170631,1270624228316,04/07/2010 03:09:01, , , , ,0
7,1270624229137,1270624289996,04/07/2010 03:09:58, , , , ,0
8,1270624290918,1270624347852,04/07/2010 03:11:02, , , , ,0
9,1270624348649,1270624404830,04/07/2010 03:12:00, , , , ,0
10,1270624405751,1270624462666,04/07/2010 03:12:57, , , , ,0
11,1270624463443,1270624522035,04/07/2010 03:13:54, , , , ,0
12,1270624522853,1270624578269,04/07/2010 03:14:55, , , , ,2
13,1270624579099,1270624636895,04/07/2010 03:15:50, , , , ,0
14,1270624637678,1270624693933,04/07/2010 03:16:49, , , , ,2
15,1270624694723,1270624751696,04/07/2010 03:17:46, , , , ,0
16,1270624752975,1270624808444,04/07/2010 03:18:45, , , , ,0
17,1270624808846,1270624865757,04/07/2010 03:19:40, , , , ,0
18,1270624866551,1270624922830,04/07/2010 03:20:38, , , , ,0
19,1270624924258,1270624979036,04/07/2010 03:21:36, , , , ,0
20,1270624980402,1270625036868,04/07/2010 03:22:32, , , , ,0
21,1270625037791,1270625094667,04/07/2010 03:23:29, , , , ,0
22,1270625095787,1270625154050,04/07/2010 03:24:26, , , , ,0
23,1270625154807,1270625211096,04/07/2010 03:25:26, , , , ,2
24,1270625213015,1270625272027,04/07/2010 03:26:23, , , , ,0
25,1270625272980,1270625333747,04/07/2010 03:27:22, , , , ,2
26,1270625334505,1270625393889,04/07/2010 03:28:24, , , , ,0
27,1270625394935,1270625452507,04/07/2010 03:29:26, , , , ,0
28,1270625453240,1270625510291,04/07/2010 03:30:24, , , , ,0
29,1270625511238,1270625568887,04/07/2010 03:31:22, , , , ,0
30,1270625569763,1270625628252,04/07/2010 03:32:20, , , , ,0
31,1270659862464,1270659999257,04/07/2010 13:03:14, , , , ,0
32,1270660126750,1270660228821,04/07/2010 13:07:55, , , , ,0
33,1270660871671,1270660973894,04/07/2010 13:20:20, , , , ,0
34,1270660974658,1270661066838,04/07/2010 13:22:08, , , , ,0
35,1270661072126,1270661160605,04/07/2010 13:23:47, , , , ,0
36,1270662188375,1270662305309,04/07/2010 13:42:09, , , , ,0
37,1270662308400,1270662432665,04/07/2010 13:44:06, , , , ,0
38,1270666830376,1270666997042,04/07/2010 14:59:07, , , , ,0
39,1270666999760,1270667582274,04/07/2010 14:58:28, , , , ,0
40,1270667583520,1270667913400,04/07/2010 15:10:18, , , , ,0
41,1270667914047,1270668048195,04/07/2010 15:17:26, , , , ,0
42,1270668052960,1270668188267,04/07/2010 15:19:45, , , , ,2
43,1270668189667,1270668351280,04/07/2010 15:21:48, , , , ,0
44,1270668352189,1270668463509,04/07/2010 15:24:56, , , , ,0
45,1270668463817,1270668551378,04/07/2010 15:27:00, , , , ,0
46,1270668552170,1270668623118,04/07/2010 15:28:36, , , , ,2
47,1270668623957,1270668693463,04/07/2010 15:29:49, , , , ,2
48,1270669959439,1270669997636,04/07/2010 15:52:20, , , , ,0
49,1270670403569,1270670734221,04/07/2010 15:57:18, , , , ,2
50,1270670734830,1270670988808,04/07/2010 16:03:27, , , , ,0
51,1270673797409,1270673998964,04/07/2010 16:54:56, , , , ,2
52,1270673999753,1270674235708,04/07/2010 16:58:01, , , , ,0
53,1270676194425,1270676393339,04/07/2010 17:34:54, , , , ,2
54,1270677626975,1270677879302,04/07/2010 17:58:20, , , , ,0
55,1270677880952,1270678001112,04/07/2010 18:03:40, , , , ,0
56,1270678003821,1270678108288,04/07/2010 18:05:51, , , , ,2
57,1270678110535,1270678221317,04/07/2010 18:07:35, , , , ,0
58,1270678222695,1270678296539,04/07/2010 18:09:45, , , , ,0
59,1270678296694,1270678361255,04/07/2010 18:11:04, , , , ,2
60,1270678362529,1270678428429,04/07/2010 18:12:09, , , , ,2
61,1270678430072,1270678627665,04/07/2010 18:12:11, , , , ,0
62,1270678628508,1270678714373,04/07/2010 18:16:25, , , , ,0
63,1270678716879,1270678900307,04/07/2010 18:17:05, , , , ,2
64,1270679187013,1270679373731,04/07/2010 18:24:53, , , , ,2
65,1270679375685,1270679438638,04/07/2010 18:29:04, , , , ,2
66,1270679439555,1270679498718,04/07/2010 18:30:09, , , , ,2
67,1270679499534,1270679562000,04/07/2010 18:31:08, , , , ,2
68,1270679563288,1270679720618,04/07/2010 18:31:24, , , , ,2
69,1270679722373,1270679851223,04/07/2010 18:34:17, , , , ,0
70,1270679854062,1270680014385,04/07/2010 18:36:13, , , , ,2
71,1270680016969,1270680153464,04/07/2010 18:39:08, , , , ,0
72,1270680682297,1270680743511,04/07/2010 18:50:51, , , , ,0
73,1270684246416,1270684306285,04/07/2010 19:50:16, , , , ,0
74,1270684308372,1270684372840,04/07/2010 19:51:16, , , , ,0
75,1270684374162,1270684450032,04/07/2010 19:52:16, , , , ,0
76,1270684450980,1270684514112,04/07/2010 19:53:39, , , , ,0
77,1270684514902,1270684584403,04/07/2010 19:54:40, , , , ,2
78,1270684585698,1270684653224,04/07/2010 19:55:51, , , , ,0
79,1270684653984,1270684722737,04/07/2010 19:56:59, , , , ,0
80,1270684723484,1270684791480,04/07/2010 19:58:09, , , , ,0
81,1270684792246,1270684865703,04/07/2010 19:59:15, , , , ,0
82,1270684866454,1270684928202,04/07/2010 20:00:35, , , , ,0
83,1270684930865,1270685005162,04/07/2010 20:01:33, , , , ,2
84,1270685006520,1270685082071,04/07/2010 20:02:48, , , , ,0
85,1270685083633,1270685149394,04/07/2010 20:04:10, , , , ,0
86,1270685150338,1270685218673,04/07/2010 20:05:16, , , , ,0
87,1270685219550,1270685287622,04/07/2010 20:06:25, , , , ,0
88,1270685288381,1270685358144,04/07/2010 20:07:33, , , , ,0
89,1270685358795,1270685425170,04/07/2010 20:08:45, , , , ,0
90,1270685426402,1270685496165,04/07/2010 20:09:51, , , , ,0
91,1270685497244,1270685566482,04/07/2010 20:11:02, , , , ,0
92,1270685567321,1270685636740,04/07/2010 20:12:12, , , , ,2
93,1270685638183,1270685703220,04/07/2010 20:13:25, , , , ,0
94,1270685704180,1270685768565,04/07/2010 20:14:31, , , , ,2
95,1270685768963,1270685838332,04/07/2010 20:15:34, , , , ,0
96,1270685839902,1270685912750,04/07/2010 20:16:43, , , , ,0
97,1270685913837,1270685993825,04/07/2010 20:17:53, , , , ,0
98,1270685994989,1270686061947,04/07/2010 20:19:21, , , , ,2
99,1270686063471,1270686129772,04/07/2010 20:20:30, , , , ,0
100,1270686130522,1270686197781,04/07/2010 20:21:36, , , , ,0
101,1270686199539,1270686267026,04/07/2010 20:22:45, , , , ,2
102,1270686268052,1270686334472,04/07/2010 20:23:54, , , , ,0
103,1270686335258,1270686404473,04/07/2010 20:25:00, , , , ,0
104,1270686405039,1270686471957,04/07/2010 20:26:11, , , , ,0
105,1270686472792,1270686541473,04/07/2010 20:27:18, , , , ,0
106,1270686542442,1270686606384,04/07/2010 20:28:30, , , , ,0
107,1270686607290,1270686675854,04/07/2010 20:29:33, , , , ,0
108,1270686677365,1270686746921,04/07/2010 20:30:42, , , , ,0
109,1270686749217,1270686814890,04/07/2010 20:31:56, , , , ,0
110,1270686816204,1270686882090,04/07/2010 20:33:03, , , , ,0
111,1270686883221,1270686950238,04/07/2010 20:34:09, , , , ,0
112,1270686950973,1270687018482,04/07/2010 20:35:17, , , , ,0
113,1270687019359,1270687087632,04/07/2010 20:36:25, , , , ,0
114,1270687088472,1270687156845,04/07/2010 20:37:34, , , , ,0
115,1270687157792,1270687221481,04/07/2010 20:38:45, , , , ,0
116,1270687222693,1270687292783,04/07/2010 20:39:47, , , , ,2
117,1270687293061,1270687358633,04/07/2010 20:41:00, , , , ,0
118,1270687359426,1270687422745,04/07/2010 20:42:07, , , , ,0
119,1270687424322,1270687493636,04/07/2010 20:43:09, , , , ,0
120,1270687494000,1270687560983,04/07/2010 20:44:20, , , , ,2
121,1270687562556,1270687631402,04/07/2010 20:45:28, , , , ,0
122,1270687632070,1270687695442,04/07/2010 20:46:40, , , , ,0
123,1270687696483,1270687762582,04/07/2010 20:47:43, , , , ,0
124,1270687763465,1270687836306,04/07/2010 20:48:47, , , , ,0
125,1270687836910,1270687903970,04/07/2010 20:50:03, , , , ,0
126,1270687904902,1270687975072,04/07/2010 20:51:09, , , , ,2
127,1270687976844,1270688059431,04/07/2010 20:52:15, , , , ,0
128,1270688061006,1270688129903,04/07/2010 20:53:46, , , , ,0
129,1270688130962,1270688199280,04/07/2010 20:54:56, , , , ,0
130,1270688200408,1270688270371,04/07/2010 20:56:05, , , , ,0
131,1270688270722,1270688338322,04/07/2010 20:57:16, , , , ,0
132,1270688339154,1270688406813,04/07/2010 20:58:25, , , , ,0
133,1270688407082,1270688480570,04/07/2010 20:59:30, , , , ,2
134,1270688480764,1270688549271,04/07/2010 21:00:46, , , , ,0
135,1270688550061,1270688614902,04/07/2010 21:01:57, , , , ,2
136,1270688616902,1270688684655,04/07/2010 21:03:03, , , , ,0
137,1270688685248,1270688751007,04/07/2010 21:04:12, , , , ,0
138,1270688752044,1270688824263,04/07/2010 21:05:15, , , , ,0
139,1270688825612,1270688893081,04/07/2010 21:06:31, , , , ,2
140,1270688893870,1270688958954,04/07/2010 21:07:41, , , , ,0
141,1270688959810,1270689029769,04/07/2010 21:08:44, , , , ,0
142,1270689030661,1270689105511,04/07/2010 21:09:53, , , , ,0
143,1270689106510,1270689173781,04/07/2010 21:11:12, , , , ,0
144,1270689175030,1270689240229,04/07/2010 21:12:22, , , , ,0
145,1270689241064,1270689307905,04/07/2010 21:13:27, , , , ,0
146,1270689308682,1270689367624,04/07/2010 21:14:39, , , , ,2
147,1270689368576,1270689431458,04/07/2010 21:15:37, , , , ,0
148,1270689432150,1270689497074,04/07/2010 21:16:39, , , , ,0
149,1270689497788,1270689567356,04/07/2010 21:17:43, , , , ,0
150,1270689568168,1270689631351,04/07/2010 21:18:56, , , , ,0
151,1270689632100,1270689697865,04/07/2010 21:19:59, , , , ,0
152,1270689697963,1270689759425,04/07/2010 21:21:07, , , , ,2
153,1270689760522,1270689821905,04/07/2010 21:22:09, , , , ,0
154,1270689823128,1270689884135,04/07/2010 21:23:12, , , , ,0
155,1270689884438,1270689943786,04/07/2010 21:24:14, , , , ,0
156,1270689944563,1270690006366,04/07/2010 21:25:13, , , , ,0
157,1270690007070,1270690078637,04/07/2010 21:26:11, , , , ,0
158,1270690079876,1270690144989,04/07/2010 21:27:27, , , , ,0
159,1270690145585,1270690209411,04/07/2010 21:28:33, , , , ,2
160,1270690211128,1270690279710,04/07/2010 21:29:36, , , , ,0
161,1270690280892,1270690350053,04/07/2010 21:30:46, , , , ,2
162,1270690352001,1270690420346,04/07/2010 21:31:57, , , , ,0
163,1270690421375,1270690478184,04/07/2010 21:33:12, , , , ,0
164,1270690479849,1270690543803,04/07/2010 21:34:07, , , , ,0
165,1270690545175,1270690603959,04/07/2010 21:35:15, , , , ,0
